{
    "name": "root",
    "gauges": {
        "2vs2.Policy.Entropy.mean": {
            "value": 1.415906548500061,
            "min": 1.415906548500061,
            "max": 1.4189382791519165,
            "count": 6
        },
        "2vs2.Policy.Entropy.sum": {
            "value": 28306.8046875,
            "min": 28306.8046875,
            "max": 28401.46875,
            "count": 6
        },
        "2vs2.Environment.EpisodeLength.mean": {
            "value": 0.0,
            "min": 0.0,
            "max": 0.058231707317073174,
            "count": 6
        },
        "2vs2.Environment.EpisodeLength.sum": {
            "value": 0.0,
            "min": 0.0,
            "max": 1146.0,
            "count": 6
        },
        "2vs2.Self-play.ELO.mean": {
            "value": 568.3410278802187,
            "min": 568.3410278802187,
            "max": 890.6262722577344,
            "count": 6
        },
        "2vs2.Self-play.ELO.sum": {
            "value": 5681136.914690666,
            "min": 5681136.914690666,
            "max": 8499246.51615556,
            "count": 6
        },
        "2vs2.Step.mean": {
            "value": 59999.0,
            "min": 9999.0,
            "max": 59999.0,
            "count": 6
        },
        "2vs2.Step.sum": {
            "value": 59999.0,
            "min": 9999.0,
            "max": 59999.0,
            "count": 6
        },
        "2vs2.Policy.ExtrinsicBaselineEstimate.mean": {
            "value": -1.5018441677093506,
            "min": -1.5731675624847412,
            "max": 0.01784619875252247,
            "count": 6
        },
        "2vs2.Policy.ExtrinsicBaselineEstimate.sum": {
            "value": -15018.44140625,
            "min": -15731.67578125,
            "max": 178.4554901123047,
            "count": 6
        },
        "2vs2.Policy.ExtrinsicValueEstimate.mean": {
            "value": -1.5018441677093506,
            "min": -1.5731675624847412,
            "max": 0.01784619875252247,
            "count": 6
        },
        "2vs2.Policy.ExtrinsicValueEstimate.sum": {
            "value": -15018.44140625,
            "min": -15731.67578125,
            "max": 178.4554901123047,
            "count": 6
        },
        "2vs2.Environment.CumulativeReward.mean": {
            "value": -1.5,
            "min": -1.5,
            "max": -1.4658590312371196,
            "count": 6
        },
        "2vs2.Environment.CumulativeReward.sum": {
            "value": -15000.0,
            "min": -15000.0,
            "max": -13975.500003814697,
            "count": 6
        },
        "2vs2.Policy.ExtrinsicReward.mean": {
            "value": -1.5,
            "min": -1.5,
            "max": -1.4658590312371196,
            "count": 6
        },
        "2vs2.Policy.ExtrinsicReward.sum": {
            "value": -15000.0,
            "min": -15000.0,
            "max": -13975.500003814697,
            "count": 6
        },
        "2vs2.Environment.GroupCumulativeReward.mean": {
            "value": 0.0,
            "min": 0.0,
            "max": 0.0,
            "count": 6
        },
        "2vs2.Environment.GroupCumulativeReward.sum": {
            "value": 0.0,
            "min": 0.0,
            "max": 0.0,
            "count": 6
        },
        "2vs2.IsTraining.mean": {
            "value": 1.0,
            "min": 1.0,
            "max": 1.0,
            "count": 6
        },
        "2vs2.IsTraining.sum": {
            "value": 1.0,
            "min": 1.0,
            "max": 1.0,
            "count": 6
        },
        "2vs2.Losses.PolicyLoss.mean": {
            "value": 0.015249070537781033,
            "min": 0.015249070537781033,
            "max": 0.0192214563760596,
            "count": 2
        },
        "2vs2.Losses.PolicyLoss.sum": {
            "value": 0.015249070537781033,
            "min": 0.015249070537781033,
            "max": 0.0192214563760596,
            "count": 2
        },
        "2vs2.Losses.ValueLoss.mean": {
            "value": 0.001798944131708898,
            "min": 0.001798944131708898,
            "max": 1.0707490543524425,
            "count": 2
        },
        "2vs2.Losses.ValueLoss.sum": {
            "value": 0.001798944131708898,
            "min": 0.001798944131708898,
            "max": 1.0707490543524425,
            "count": 2
        },
        "2vs2.Losses.BaselineLoss.mean": {
            "value": 0.001798944131708898,
            "min": 0.001798944131708898,
            "max": 3.37053865591685,
            "count": 2
        },
        "2vs2.Losses.BaselineLoss.sum": {
            "value": 0.001798944131708898,
            "min": 0.001798944131708898,
            "max": 3.37053865591685,
            "count": 2
        },
        "2vs2.Policy.LearningRate.mean": {
            "value": 0.0003,
            "min": 0.0003,
            "max": 0.0003,
            "count": 2
        },
        "2vs2.Policy.LearningRate.sum": {
            "value": 0.0003,
            "min": 0.0003,
            "max": 0.0003,
            "count": 2
        },
        "2vs2.Policy.Epsilon.mean": {
            "value": 0.20000000000000007,
            "min": 0.20000000000000007,
            "max": 0.20000000000000007,
            "count": 2
        },
        "2vs2.Policy.Epsilon.sum": {
            "value": 0.20000000000000007,
            "min": 0.20000000000000007,
            "max": 0.20000000000000007,
            "count": 2
        },
        "2vs2.Policy.Beta.mean": {
            "value": 0.005000000000000001,
            "min": 0.005000000000000001,
            "max": 0.005000000000000001,
            "count": 2
        },
        "2vs2.Policy.Beta.sum": {
            "value": 0.005000000000000001,
            "min": 0.005000000000000001,
            "max": 0.005000000000000001,
            "count": 2
        }
    },
    "metadata": {
        "timer_format_version": "0.1.0",
        "start_time_seconds": "1658894176",
        "python_version": "3.7.9 (tags/v3.7.9:13c94747c7, Aug 17 2020, 16:30:00) [MSC v.1900 64 bit (AMD64)]",
        "command_line_arguments": "C:\\Users\\User\\Documents\\Unity Project\\ml-agents\\Project\\python-envs\\sample-env\\Scripts\\mlagents-learn config\\2vs2.yaml --run-id=608 --time-scale=1",
        "mlagents_version": "0.28.0",
        "mlagents_envs_version": "0.28.0",
        "communication_protocol_version": "1.5.0",
        "pytorch_version": "1.7.1+cu110",
        "numpy_version": "1.21.6",
        "end_time_seconds": "1658895618"
    },
    "total": 1442.355406,
    "count": 1,
    "self": 0.01095989999998892,
    "children": {
        "run_training.setup": {
            "total": 0.2803929000000003,
            "count": 1,
            "self": 0.2803929000000003
        },
        "TrainerController.start_learning": {
            "total": 1442.0640532,
            "count": 1,
            "self": 0.35344320000785956,
            "children": {
                "TrainerController._reset_env": {
                    "total": 24.618410500000003,
                    "count": 1,
                    "self": 24.618410500000003
                },
                "TrainerController.advance": {
                    "total": 1416.6503559999924,
                    "count": 10421,
                    "self": 0.3299023999934434,
                    "children": {
                        "env_step": {
                            "total": 572.0628976000074,
                            "count": 10421,
                            "self": 508.80969200002903,
                            "children": {
                                "SubprocessEnvManager._take_step": {
                                    "total": 63.06892379998687,
                                    "count": 10421,
                                    "self": 1.010383199984986,
                                    "children": {
                                        "TorchPolicy.evaluate": {
                                            "total": 62.05854060000188,