{
    "name": "root",
    "gauges": {
        "Test3.Policy.Entropy.mean": {
            "value": 1.2766430377960205,
            "min": 1.1563974618911743,
            "max": 1.732037901878357,
            "count": 10
        },
        "Test3.Policy.Entropy.sum": {
            "value": 62994.671875,
            "min": 59873.6328125,
            "max": 86795.8828125,
            "count": 10
        },
        "Test3.Step.mean": {
            "value": 499965.0,
            "min": 49989.0,
            "max": 499965.0,
            "count": 10
        },
        "Test3.Step.sum": {
            "value": 499965.0,
            "min": 49989.0,
            "max": 499965.0,
            "count": 10
        },
        "Test3.Policy.ExtrinsicValueEstimate.mean": {
            "value": 0.5246262550354004,
            "min": 0.4275323152542114,
            "max": 6.415801525115967,
            "count": 10
        },
        "Test3.Policy.ExtrinsicValueEstimate.sum": {
            "value": 524.6262817382812,
            "min": 427.10479736328125,
            "max": 5710.0634765625,
            "count": 10
        },
        "Test3.Environment.EpisodeLength.mean": {
            "value": 199.0,
            "min": 149.91693290734824,
            "max": 199.0,
            "count": 10
        },
        "Test3.Environment.EpisodeLength.sum": {
            "value": 49750.0,
            "min": 46924.0,
            "max": 50530.0,
            "count": 10
        },
        "Test3.Environment.CumulativeReward.mean": {
            "value": 0.0,
            "min": -1.0,
            "max": 0.0,
            "count": 10
        },
        "Test3.Environment.CumulativeReward.sum": {
            "value": 0.0,
            "min": -282.0,
            "max": 0.0,
            "count": 10
        },
        "Test3.Policy.ExtrinsicReward.mean": {
            "value": 0.0,
            "min": -1.0,
            "max": 0.0,
            "count": 10
        },
        "Test3.Policy.ExtrinsicReward.sum": {
            "value": 0.0,
            "min": -282.0,
            "max": 0.0,
            "count": 10
        },
        "Test3.Losses.PolicyLoss.mean": {
            "value": 0.02641457274400939,
            "min": 0.0212076194351539,
            "max": 0.02674568317985783,
            "count": 10
        },
        "Test3.Losses.PolicyLoss.sum": {
            "value": 0.13207286372004695,
            "min": 0.09678557017662873,
            "max": 0.13207286372004695,
            "count": 10
        },
        "Test3.Losses.ValueLoss.mean": {
            "value": 0.0029325118847191335,
            "min": 0.0029325118847191335,
            "max": 1.3251576347897451,
            "count": 10
        },
        "Test3.Losses.ValueLoss.sum": {
            "value": 0.014662559423595668,
            "min": 0.014662559423595668,
            "max": 5.3006305391589805,
            "count": 10
        },
        "Test3.Policy.LearningRate.mean": {
            "value": 1.546941484356e-05,
            "min": 1.546941484356e-05,
            "max": 0.0002845522551492499,
            "count": 10
        },
        "Test3.Policy.LearningRate.sum": {
            "value": 7.73470742178e-05,
            "min": 7.73470742178e-05,
            "max": 0.0012842388719203999,
            "count": 10
        },
        "Test3.Policy.Epsilon.mean": {
            "value": 0.10515643999999999,
            "min": 0.10515643999999999,
            "max": 0.19485075,
            "count": 10
        },
        "Test3.Policy.Epsilon.sum": {
            "value": 0.5257822,
            "min": 0.5257822,
            "max": 0.9280796,
            "count": 10
        },
        "Test3.Policy.Beta.mean": {
            "value": 0.0002673063560000001,
            "min": 0.0002673063560000001,
            "max": 0.004743052425000001,
            "count": 10
        },
        "Test3.Policy.Beta.sum": {
            "value": 0.0013365317800000003,
            "min": 0.0013365317800000003,
            "max": 0.02141117204,
            "count": 10
        },
        "Test3.IsTraining.mean": {
            "value": 1.0,
            "min": 1.0,
            "max": 1.0,
            "count": 10
        },
        "Test3.IsTraining.sum": {
            "value": 1.0,
            "min": 1.0,
            "max": 1.0,
            "count": 10
        }
    },
    "metadata": {
        "timer_format_version": "0.1.0",
        "start_time_seconds": "1660720060",
        "python_version": "3.7.9 (tags/v3.7.9:13c94747c7, Aug 17 2020, 16:30:00) [MSC v.1900 64 bit (AMD64)]",
        "command_line_arguments": "C:\\Users\\User\\Documents\\Unity Project\\ml-agents\\Project\\python-envs\\sample-env\\Scripts\\mlagents-learn --run-id=test26",
        "mlagents_version": "0.28.0",
        "mlagents_envs_version": "0.28.0",
        "communication_protocol_version": "1.5.0",
        "pytorch_version": "1.7.1+cu110",
        "numpy_version": "1.21.6",
        "end_time_seconds": "1660720345"
    },
    "total": 284.752404,
    "count": 1,
    "self": 0.011380099999996673,
    "children": {
        "run_training.setup": {
            "total": 0.1647981999999999,
            "count": 1,
            "self": 0.1647981999999999
        },
        "TrainerController.start_learning": {
            "total": 284.5762257,
            "count": 1,
            "self": 0.2424015000007671,
            "children": {
                "TrainerController._reset_env": {
                    "total": 6.876914599999999,
                    "count": 1,
                    "self": 6.876914599999999
                },
                "TrainerController.advance": {
                    "total": 277.3822841999993,
                    "count": 9946,
                    "self": 0.23532469999832983,
                    "children": {
                        "env_step": {
                            "total": 144.7388485000006,
                            "count": 9946,
                            "self": 120.23882880000014,
                            "children": {
                                "SubprocessEnvManager._take_step": {
                                    "total": 24.368851300001957,
                                    "count": 9946,
                                    "self": 0.7240330000019419,
                                    "children": {
                                        "TorchPolicy.evaluate": {
                                            "total": 23.644818300000015,
                                            "count": 7839,
                                            "self": 7.005339399999453,
                                            "children": {
                                                "TorchPolicy.sample_actions": {
                                                    "total": 16.63947890000056,
                                                    "count": 7839,
                                                    "self": 16.63947890000056
                                                }
                                            }
                                        }
                                    }
                                },
                                "workers": {
                                    "total": 0.1311683999985167,
                                    "count": 9946,
                                    "self": 0.0,
                                    "children": {
                                        "worker_root": {
                                            "total": 278.5996574000013,
                                            "count": 9946,
                                            "is_parallel": true,
                                            "self": 182.03707570000282,
                                            "children": {
                                                "steps_from_proto": {
                                                    "total": 0.0009129999999997196,