{
    "name": "root",
    "gauges": {
        "Test3.Policy.Entropy.mean": {
            "value": 1.6637208461761475,
            "min": 1.6637208461761475,
            "max": 1.6637208461761475,
            "count": 1
        },
        "Test3.Policy.Entropy.sum": {
            "value": 85182.5078125,
            "min": 85182.5078125,
            "max": 85182.5078125,
            "count": 1
        },
        "Test3.Environment.EpisodeLength.mean": {
            "value": 19.0,
            "min": 19.0,
            "max": 19.0,
            "count": 1
        },
        "Test3.Environment.EpisodeLength.sum": {
            "value": 48640.0,
            "min": 48640.0,
            "max": 48640.0,
            "count": 1
        },
        "Test3.Step.mean": {
            "value": 49980.0,
            "min": 49980.0,
            "max": 49980.0,
            "count": 1
        },
        "Test3.Step.sum": {
            "value": 49980.0,
            "min": 49980.0,
            "max": 49980.0,
            "count": 1
        },
        "Test3.Policy.ExtrinsicValueEstimate.mean": {
            "value": 28.6226806640625,
            "min": 28.6226806640625,
            "max": 28.6226806640625,
            "count": 1
        },
        "Test3.Policy.ExtrinsicValueEstimate.sum": {
            "value": 71528.078125,
            "min": 71528.078125,
            "max": 71528.078125,
            "count": 1
        },
        "Test3.Environment.CumulativeReward.mean": {
            "value": 0.0,
            "min": 0.0,
            "max": 0.0,
            "count": 1
        },
        "Test3.Environment.CumulativeReward.sum": {
            "value": 0.0,
            "min": 0.0,
            "max": 0.0,
            "count": 1
        },
        "Test3.Policy.ExtrinsicReward.mean": {
            "value": 0.0,
            "min": 0.0,
            "max": 0.0,
            "count": 1
        },
        "Test3.Policy.ExtrinsicReward.sum": {
            "value": 0.0,
            "min": 0.0,
            "max": 0.0,
            "count": 1
        },
        "Test3.Losses.PolicyLoss.mean": {
            "value": 0.030651874679747514,
            "min": 0.030651874679747514,
            "max": 0.030651874679747514,
            "count": 1
        },
        "Test3.Losses.PolicyLoss.sum": {
            "value": 0.12260749871899006,
            "min": 0.12260749871899006,
            "max": 0.12260749871899006,
            "count": 1
        },
        "Test3.Losses.ValueLoss.mean": {
            "value": 0.9405432024011106,
            "min": 0.9405432024011106,
            "max": 0.9405432024011106,
            "count": 1
        },
        "Test3.Losses.ValueLoss.sum": {
            "value": 3.7621728096044422,
            "min": 3.7621728096044422,
            "max": 3.7621728096044422,
            "count": 1
        },
        "Test3.Policy.LearningRate.mean": {
            "value": 0.00028272000576,
            "min": 0.00028272000576,
            "max": 0.00028272000576,
            "count": 1
        },
        "Test3.Policy.LearningRate.sum": {
            "value": 0.00113088002304,
            "min": 0.00113088002304,
            "max": 0.00113088002304,
            "count": 1
        },
        "Test3.Policy.Epsilon.mean": {
            "value": 0.19424000000000002,
            "min": 0.19424000000000002,
            "max": 0.19424000000000002,
            "count": 1
        },
        "Test3.Policy.Epsilon.sum": {
            "value": 0.7769600000000001,
            "min": 0.7769600000000001,
            "max": 0.7769600000000001,
            "count": 1
        },
        "Test3.Policy.Beta.mean": {
            "value": 0.004712576,
            "min": 0.004712576,
            "max": 0.004712576,
            "count": 1
        },
        "Test3.Policy.Beta.sum": {
            "value": 0.018850304,
            "min": 0.018850304,
            "max": 0.018850304,
            "count": 1
        },
        "Test3.IsTraining.mean": {
            "value": 1.0,
            "min": 1.0,
            "max": 1.0,
            "count": 1
        },
        "Test3.IsTraining.sum": {
            "value": 1.0,
            "min": 1.0,
            "max": 1.0,
            "count": 1
        }
    },
    "metadata": {
        "timer_format_version": "0.1.0",
        "start_time_seconds": "1660720458",
        "python_version": "3.7.9 (tags/v3.7.9:13c94747c7, Aug 17 2020, 16:30:00) [MSC v.1900 64 bit (AMD64)]",
        "command_line_arguments": "C:\\Users\\User\\Documents\\Unity Project\\ml-agents\\Project\\python-envs\\sample-env\\Scripts\\mlagents-learn --run-id=test27",
        "mlagents_version": "0.28.0",
        "mlagents_envs_version": "0.28.0",
        "communication_protocol_version": "1.5.0",
        "pytorch_version": "1.7.1+cu110",
        "numpy_version": "1.21.6",
        "end_time_seconds": "1660720499"
    },
    "total": 40.8100598,
    "count": 1,
    "self": 0.007124299999993866,
    "children": {
        "run_training.setup": {
            "total": 0.1468446000000001,
            "count": 1,
            "self": 0.1468446000000001
        },
        "TrainerController.start_learning": {
            "total": 40.6560909,
            "count": 1,
            "self": 0.019546700000013573,
            "children": {
                "TrainerController._reset_env": {
                    "total": 8.0213517,
                    "count": 1,
                    "self": 8.0213517
                },
                "TrainerController.advance": {
                    "total": 32.480211799999985,
                    "count": 900,
                    "self": 0.020548799999950518,
                    "children": {
                        "env_step": {
                            "total": 18.25817830000001,
                            "count": 900,
                            "self": 14.863980000000058,
                            "children": {
                                "SubprocessEnvManager._take_step": {
                                    "total": 3.3825749000000176,
                                    "count": 900,
                                    "self": 0.07837319999995707,
                                    "children": {
                                        "TorchPolicy.evaluate": {
                                            "total": 3.3042017000000605,
                                            "count": 900,
                                            "self": 0.910472900000034,
                                            "children": {
                                                "TorchPolicy.sample_actions": {
                                                    "total": 2.3937288000000265,
                                                    "count": 900,
                                                    "self": 2.3937288000000265
                                                }
                                            }
                                        }
                                    }
                                },
                                "workers": {
                                    "total": 0.011623399999935558,
                                    "count": 900,
                                    "self": 0.0,
                                    "children": {
                                        "worker_root": {
                                            "total": 33.64023270000011,
                                            "count": 900,
                                            "is_parallel": true,
                                            "self": 21.37576589999999,
                                            "children": {
                                                "steps_from_proto": {
                                                    "total": 0.0008013000000000048,
                                                    "count": 1,
                                                    "is_parallel": true,