{
    "name": "root",
    "gauges": {
        "Test3.Policy.Entropy.mean": {
            "value": 1.4219340085983276,
            "min": 1.4210686683654785,
            "max": 1.4219340085983276,
            "count": 2
        },
        "Test3.Policy.Entropy.sum": {
            "value": 71346.9609375,
            "min": 71303.5390625,
            "max": 71346.9609375,
            "count": 2
        },
        "Test3.Environment.EpisodeLength.mean": {
            "value": 28.005770340450088,
            "min": 28.005770340450088,
            "max": 28.025536854323853,
            "count": 2
        },
        "Test3.Environment.EpisodeLength.sum": {
            "value": 48534.0,
            "min": 48288.0,
            "max": 48534.0,
            "count": 2
        },
        "Test3.Step.mean": {
            "value": 99988.0,
            "min": 49982.0,
            "max": 99988.0,
            "count": 2
        },
        "Test3.Step.sum": {
            "value": 99988.0,
            "min": 49982.0,
            "max": 99988.0,
            "count": 2
        },
        "Test3.Policy.ExtrinsicValueEstimate.mean": {
            "value": -8.585299491882324,
            "min": -8.585299491882324,
            "max": -6.415724754333496,
            "count": 2
        },
        "Test3.Policy.ExtrinsicValueEstimate.sum": {
            "value": -14801.056640625,
            "min": -14801.056640625,
            "max": -11047.8779296875,
            "count": 2
        },
        "Test3.Environment.CumulativeReward.mean": {
            "value": -13.874129930394432,
            "min": -13.874129930394432,
            "max": -13.844947735191637,
            "count": 2
        },
        "Test3.Environment.CumulativeReward.sum": {
            "value": -23919.0,
            "min": -23919.0,
            "max": -23841.0,
            "count": 2
        },
        "Test3.Policy.ExtrinsicReward.mean": {
            "value": -13.874129930394432,
            "min": -13.874129930394432,
            "max": -13.844947735191637,
            "count": 2
        },
        "Test3.Policy.ExtrinsicReward.sum": {
            "value": -23919.0,
            "min": -23919.0,
            "max": -23841.0,
            "count": 2
        },
        "Test3.Losses.PolicyLoss.mean": {
            "value": 0.023561864734316866,
            "min": 0.023561864734316866,
            "max": 0.027325766025266297,
            "count": 2
        },
        "Test3.Losses.PolicyLoss.sum": {
            "value": 0.11780932367158434,
            "min": 0.10930306410106519,
            "max": 0.11780932367158434,
            "count": 2
        },
        "Test3.Losses.ValueLoss.mean": {
            "value": 11.71707721710205,
            "min": 9.560687224070232,
            "max": 11.71707721710205,
            "count": 2
        },
        "Test3.Losses.ValueLoss.sum": {
            "value": 58.58538608551025,
            "min": 38.24274889628093,
            "max": 58.58538608551025,
            "count": 2
        },
        "Test3.Policy.LearningRate.mean": {
            "value": 0.00025333813555395996,
            "min": 0.00025333813555395996,
            "max": 0.00028329795556735,
            "count": 2
        },
        "Test3.Policy.LearningRate.sum": {
            "value": 0.0012666906777698,
            "min": 0.0011331918222694,
            "max": 0.0012666906777698,
            "count": 2
        },
        "Test3.Policy.Epsilon.mean": {
            "value": 0.18444604000000003,
            "min": 0.18444604000000003,
            "max": 0.19443265000000007,
            "count": 2
        },
        "Test3.Policy.Epsilon.sum": {
            "value": 0.9222302000000001,
            "min": 0.7777306000000003,
            "max": 0.9222302000000001,
            "count": 2
        },
        "Test3.Policy.Beta.mean": {
            "value": 0.004223857395999999,
            "min": 0.004223857395999999,
            "max": 0.004722189235,
            "count": 2
        },
        "Test3.Policy.Beta.sum": {
            "value": 0.02111928698,
            "min": 0.01888875694,
            "max": 0.02111928698,
            "count": 2
        },
        "Test3.IsTraining.mean": {
            "value": 1.0,
            "min": 1.0,
            "max": 1.0,
            "count": 2
        },
        "Test3.IsTraining.sum": {
            "value": 1.0,
            "min": 1.0,
            "max": 1.0,
            "count": 2
        }
    },
    "metadata": {
        "timer_format_version": "0.1.0",
        "start_time_seconds": "1660811835",
        "python_version": "3.7.9 (tags/v3.7.9:13c94747c7, Aug 17 2020, 16:30:00) [MSC v.1900 64 bit (AMD64)]",
        "command_line_arguments": "C:\\Users\\User\\Documents\\Unity Project\\ml-agents\\Project\\python-envs\\sample-env\\Scripts\\mlagents-learn --run-id=1001124",
        "mlagents_version": "0.28.0",
        "mlagents_envs_version": "0.28.0",
        "communication_protocol_version": "1.5.0",
        "pytorch_version": "1.7.1+cu110",
        "numpy_version": "1.21.6",
        "end_time_seconds": "1660811908"
    },
    "total": 72.9241848,
    "count": 1,
    "self": 0.007811100000012061,
    "children": {
        "run_training.setup": {
            "total": 0.12156309999999992,
            "count": 1,
            "self": 0.12156309999999992
        },
        "TrainerController.start_learning": {
            "total": 72.79481059999999,
            "count": 1,
            "self": 0.04528350000001069,
            "children": {
                "TrainerController._reset_env": {
                    "total": 7.4561502,
                    "count": 1,
                    "self": 7.4561502
                },
                "TrainerController.advance": {
                    "total": 65.19229149999998,
                    "count": 2271,
                    "self": 0.05121929999992858,
                    "children": {
                        "env_step": {
                            "total": 29.80304989999987,
                            "count": 2271,
                            "self": 25.35107099999992,
                            "children": {
                                "SubprocessEnvManager._take_step": {
                                    "total": 4.4211821000000135,
                                    "count": 2271,
                                    "self": 0.20780270000011392,
                                    "children": {
                                        "TorchPolicy.evaluate": {
                                            "total": 4.2133793999999,
                                            "count": 2271,
                                            "self": 1.6975571000002123,
                                            "children": {
                                                "TorchPolicy.sample_actions": {
                                                    "total": 2.5158222999996873,
                                                    "count": 2271,
                                                    "self": 2.5158222999996873
                                                }
                                            }
                                        }
                                    }
                                },
                                "workers": {
                                    "total": 0.030796799999938784,
                                    "count": 2270,
                                    "self": 0.0,
                                    "children": {
                                        "worker_root": {
                                            "total": 66.5517842,
                                            "count": 2270,
                                            "is_parallel": true,
                                            "self": 47.380821700000055,