{
    "name": "root",
    "metadata": {
        "timer_format_version": "0.1.0",
        "start_time_seconds": "1658298115",
        "python_version": "3.7.9 (tags/v3.7.9:13c94747c7, Aug 17 2020, 16:30:00) [MSC v.1900 64 bit (AMD64)]",
        "command_line_arguments": "C:\\Users\\User\\Documents\\Unity Project\\ml-agents\\Project\\python-envs\\sample-env\\Scripts\\mlagents-learn --run-id=304",
        "mlagents_version": "0.28.0",
        "mlagents_envs_version": "0.28.0",
        "communication_protocol_version": "1.5.0",
        "pytorch_version": "1.7.1+cu110",
        "numpy_version": "1.21.6",
        "end_time_seconds": "1658298206"
    },
    "total": 91.3703062,
    "count": 1,
    "self": 0.005988299999984292,
    "children": {
        "run_training.setup": {
            "total": 0.11508839999999998,
            "count": 1,
            "self": 0.11508839999999998
        },
        "TrainerController.start_learning": {
            "total": 91.24922950000001,
            "count": 1,
            "self": 0.03393810000005715,
            "children": {
                "TrainerController._reset_env": {
                    "total": 10.4316273,
                    "count": 1,
                    "self": 10.4316273
                },
                "TrainerController.advance": {
                    "total": 80.62278739999995,
                    "count": 1686,
                    "self": 0.03464069999998287,
                    "children": {
                        "env_step": {
                            "total": 79.02628519999999,
                            "count": 1686,
                            "self": 75.65145429999988,
                            "children": {
                                "SubprocessEnvManager._take_step": {
                                    "total": 3.3548599000000294,
                                    "count": 1686,
                                    "self": 0.10365160000011464,
                                    "children": {
                                        "TorchPolicy.evaluate": {
                                            "total": 3.251208299999915,
                                            "count": 1577,
                                            "self": 1.3631336999998496,
                                            "children": {
                                                "TorchPolicy.sample_actions": {
                                                    "total": 1.8880746000000652,
                                                    "count": 1577,
                                                    "self": 1.8880746000000652
                                                }
                                            }
                                        }
                                    }
                                },
                                "workers": {
                                    "total": 0.019971000000074568,
                                    "count": 1685,
                                    "self": 0.0,
                                    "children": {
                                        "worker_root": {
                                            "total": 20.576390899999996,
                                            "count": 1685,
                                            "is_parallel": true,
                                            "self": 8.103908200000047,
                                            "children": {
                                                "steps_from_proto": {
                                                    "total": 0.0011551000000000755,
                                                    "count": 1,
                                                    "is_parallel": true,
                                                    "self": 0.00017589999999678696,
                                                    "children": {
                                                        "_process_rank_one_or_two_observation": {
                                                            "total": 0.0009792000000032886,
                                                            "count": 4,
                                                            "is_parallel": true,
                                                            "self": 0.0009792000000032886
                                                        }
                                                    }
                                                },
                                                "UnityEnvironment.step": {
                                                    "total": 12.471327599999949,
                                                    "count": 1685,
                                                    "is_parallel": true,
                                                    "self": 0.4212457999998982,
                                                    "children": {
                                                        "UnityEnvironment._generate_step_input": {
                                                            "total": 0.18362889999992937,
                                                            "count": 1685,
                                                            "is_parallel": true,
                                                            "self": 0.18362889999992937
                                                        },
                                                        "communicator.exchange": {
                                                            "total": 10.39233539999998,
                                                            "count": 1685,
                                                            "is_parallel": true,
                                                            "self": 10.39233539999998
                                                        },
                                                        "steps_from_proto": {
                                                            "total": 1.4741175000001405,
                                                            "count": 1685,
                                                            "is_parallel": true,
                                                            "self": 0.22012080000035006,
                                                            "children": {
                                                                "_process_rank_one_or_two_observation": {
                                                                    "total": 1.2539966999997905,
                                                                    "count": 6740,
                                                                    "is_parallel": true,
                                                                    "self": 1.2539966999997905
                                                                }
                                                            }
                                                        }
                                                    }
                                                }
                                            }
                                        }
                                    }
                                }
                            }
                        },
                        "trainer_advance": {
                            "total": 1.5618614999999778,
                            "count": 1685,
                            "self": 0.042242399999921076,
                            "children": {
                                "process_trajectory": {
                                    "total": 1.5196191000000567,
                                    "count": 1685,