{
    "name": "root",
    "gauges": {
        "Test3.Policy.Entropy.mean": {
            "value": 1.4339343309402466,
            "min": 1.4241702556610107,
            "max": 1.4667690992355347,
            "count": 10
        },
        "Test3.Policy.Entropy.sum": {
            "value": 71582.0,
            "min": 71550.3125,
            "max": 73460.625,
            "count": 10
        },
        "Test3.Environment.EpisodeLength.mean": {
            "value": 24.142929038751888,
            "min": 4.0036926147704595,
            "max": 25.188056574122577,
            "count": 10
        },
        "Test3.Environment.EpisodeLength.sum": {
            "value": 47972.0,
            "min": 40019.0,
            "max": 48084.0,
            "count": 10
        },
        "Test3.Step.mean": {
            "value": 499998.0,
            "min": 49997.0,
            "max": 499998.0,
            "count": 10
        },
        "Test3.Step.sum": {
            "value": 499998.0,
            "min": 49997.0,
            "max": 499998.0,
            "count": 10
        },
        "Test3.Policy.ExtrinsicValueEstimate.mean": {
            "value": -0.9083145260810852,
            "min": -11.08369255065918,
            "max": -0.09543479233980179,
            "count": 10
        },
        "Test3.Policy.ExtrinsicValueEstimate.sum": {
            "value": -1804.8209228515625,
            "min": -110748.2578125,
            "max": -210.81546020507812,
            "count": 10
        },
        "Test3.Environment.CumulativeReward.mean": {
            "value": 1.1879718168092601,
            "min": -1.9261909527622099,
            "max": 1.3103864734299517,
            "count": 10
        },
        "Test3.Environment.CumulativeReward.sum": {
            "value": 2360.5,
            "min": -19246.5,
            "max": 3499.0,
            "count": 10
        },
        "Test3.Policy.ExtrinsicReward.mean": {
            "value": 1.1879718168092601,
            "min": -1.9261909527622099,
            "max": 1.3103864734299517,
            "count": 10
        },
        "Test3.Policy.ExtrinsicReward.sum": {
            "value": 2360.5,
            "min": -19246.5,
            "max": 3499.0,
            "count": 10
        },
        "Test3.Losses.PolicyLoss.mean": {
            "value": 0.022391592081015307,
            "min": 0.022289124516149363,
            "max": 0.030606662336116038,
            "count": 10
        },
        "Test3.Losses.PolicyLoss.sum": {
            "value": 0.11195796040507654,
            "min": 0.1081179870137324,
            "max": 0.15303331168058018,
            "count": 10
        },
        "Test3.Losses.ValueLoss.mean": {
            "value": 3.381525630950928,
            "min": 0.19172850539286931,
            "max": 42.11600825749338,
            "count": 10
        },
        "Test3.Losses.ValueLoss.sum": {
            "value": 16.90762815475464,
            "min": 0.9586425269643466,
            "max": 168.4640330299735,
            "count": 10
        },
        "Test3.Policy.LearningRate.mean": {
            "value": 1.6346974551040005e-05,
            "min": 1.6346974551040005e-05,
            "max": 0.00028463505512164996,
            "count": 10
        },
        "Test3.Policy.LearningRate.sum": {
            "value": 8.173487275520002e-05,
            "min": 8.173487275520002e-05,
            "max": 0.0012847884717372,
            "count": 10
        },
        "Test3.Policy.Epsilon.mean": {
            "value": 0.10544896,
            "min": 0.10544896,
            "max": 0.19487835000000006,
            "count": 10
        },
        "Test3.Policy.Epsilon.sum": {
            "value": 0.5272448,
            "min": 0.5000178,
            "max": 0.9282627999999999,
            "count": 10
        },
        "Test3.Policy.Beta.mean": {
            "value": 0.0002819031040000001,
            "min": 0.0002819031040000001,
            "max": 0.004744429664999999,
            "count": 10
        },
        "Test3.Policy.Beta.sum": {
            "value": 0.0014095155200000004,
            "min": 0.0014095155200000004,
            "max": 0.021420313719999994,
            "count": 10
        },
        "Test3.IsTraining.mean": {
            "value": 1.0,
            "min": 1.0,
            "max": 1.0,
            "count": 10
        },
        "Test3.IsTraining.sum": {
            "value": 1.0,
            "min": 1.0,
            "max": 1.0,
            "count": 10
        }
    },
    "metadata": {
        "timer_format_version": "0.1.0",
        "start_time_seconds": "1660813138",
        "python_version": "3.7.9 (tags/v3.7.9:13c94747c7, Aug 17 2020, 16:30:00) [MSC v.1900 64 bit (AMD64)]",
        "command_line_arguments": "C:\\Users\\User\\Documents\\Unity Project\\ml-agents\\Project\\python-envs\\sample-env\\Scripts\\mlagents-learn --run-id=100112455151123",
        "mlagents_version": "0.28.0",
        "mlagents_envs_version": "0.28.0",
        "communication_protocol_version": "1.5.0",
        "pytorch_version": "1.7.1+cu110",
        "numpy_version": "1.21.6",
        "end_time_seconds": "1660813429"
    },
    "total": 291.2529337,
    "count": 1,
    "self": 0.009846300000049268,
    "children": {
        "run_training.setup": {
            "total": 0.11859020000000009,
            "count": 1,
            "self": 0.11859020000000009
        },
        "TrainerController.start_learning": {
            "total": 291.12449719999995,
            "count": 1,
            "self": 0.1982263999975089,
            "children": {
                "TrainerController._reset_env": {
                    "total": 6.890447,
                    "count": 1,
                    "self": 6.890447
                },
                "TrainerController.advance": {
                    "total": 283.9879074000025,
                    "count": 7826,
                    "self": 0.18364060000459403,
                    "children": {
                        "env_step": {
                            "total": 100.22060319999866,
                            "count": 7826,
                            "self": 88.0769143999993,
                            "children": {
                                "SubprocessEnvManager._take_step": {
                                    "total": 12.039845699999047,
                                    "count": 7826,
                                    "self": 0.6753066999973392,
                                    "children": {
                                        "TorchPolicy.evaluate": {
                                            "total": 11.364539000001708,
                                            "count": 7826,
                                            "self": 4.5363434000025755,
                                            "children": {
                                                "TorchPolicy.sample_actions": {
                                                    "total": 6.828195599999132,
                                                    "count": 7826,
                                                    "self": 6.828195599999132
                                                }
                                            }
                                        }
                                    }
                                },
                                "workers": {
                                    "total": 0.10384310000031682,
                                    "count": 7826,
                                    "self": 0.0,
                                    "children": {
                                        "worker_root": {
                                            "total": 285.2645389999983,
                                            "count": 7826,
                                            "is_parallel": true,
                                            "self": 219.96065279999692,