{
    "name": "root",
    "metadata": {
        "timer_format_version": "0.1.0",
        "start_time_seconds": "1660815524",
        "python_version": "3.7.9 (tags/v3.7.9:13c94747c7, Aug 17 2020, 16:30:00) [MSC v.1900 64 bit (AMD64)]",
        "command_line_arguments": "C:\\Users\\User\\Documents\\Unity Project\\ml-agents\\Project\\python-envs\\sample-env\\Scripts\\mlagents-learn --run-id=1001124551511222",
        "mlagents_version": "0.28.0",
        "mlagents_envs_version": "0.28.0",
        "communication_protocol_version": "1.5.0",
        "pytorch_version": "1.7.1+cu110",
        "numpy_version": "1.21.6",
        "end_time_seconds": "1660815612"
    },
    "total": 88.28789610000001,
    "count": 1,
    "self": 0.006092500000022483,
    "children": {
        "run_training.setup": {
            "total": 0.13370229999999994,
            "count": 1,
            "self": 0.13370229999999994
        },
        "TrainerController.start_learning": {
            "total": 88.1481013,
            "count": 1,
            "self": 0.0042901999999998,
            "children": {
                "TrainerController._reset_env": {
                    "total": 44.470352,
                    "count": 1,
                    "self": 44.470352
                },
                "TrainerController.advance": {
                    "total": 43.56163099999999,
                    "count": 184,
                    "self": 0.004084599999977456,
                    "children": {
                        "env_step": {
                            "total": 43.05975089999998,
                            "count": 184,
                            "self": 42.26694899999996,
                            "children": {
                                "SubprocessEnvManager._take_step": {
                                    "total": 0.7906279000000467,
                                    "count": 184,
                                    "self": 0.01665740000004945,
                                    "children": {
                                        "TorchPolicy.evaluate": {
                                            "total": 0.7739704999999972,
                                            "count": 184,
                                            "self": 0.14296739999994657,
                                            "children": {
                                                "TorchPolicy.sample_actions": {
                                                    "total": 0.6310031000000507,
                                                    "count": 184,
                                                    "self": 0.6310031000000507
                                                }
                                            }
                                        }
                                    }
                                },
                                "workers": {
                                    "total": 0.0021739999999752513,
                                    "count": 183,
                                    "self": 0.0,
                                    "children": {
                                        "worker_root": {
                                            "total": 6.199086799999954,
                                            "count": 183,
                                            "is_parallel": true,
                                            "self": 3.167409699999901,
                                            "children": {
                                                "steps_from_proto": {
                                                    "total": 0.0006804000000002475,
                                                    "count": 1,
                                                    "is_parallel": true,
                                                    "self": 0.00021909999999536467,
                                                    "children": {
                                                        "_process_rank_one_or_two_observation": {
                                                            "total": 0.0004613000000048828,
                                                            "count": 2,
                                                            "is_parallel": true,
                                                            "self": 0.0004613000000048828
                                                        }
                                                    }
                                                },
                                                "UnityEnvironment.step": {
                                                    "total": 3.0309967000000526,
                                                    "count": 183,
                                                    "is_parallel": true,
                                                    "self": 0.0557227000001248,
                                                    "children": {
                                                        "UnityEnvironment._generate_step_input": {
                                                            "total": 0.1391036999999713,
                                                            "count": 183,
                                                            "is_parallel": true,
                                                            "self": 0.1391036999999713
                                                        },
                                                        "communicator.exchange": {
                                                            "total": 2.7359315999999723,
                                                            "count": 183,
                                                            "is_parallel": true,
                                                            "self": 2.7359315999999723
                                                        },
                                                        "steps_from_proto": {
                                                            "total": 0.10023869999998425,
                                                            "count": 183,
                                                            "is_parallel": true,
                                                            "self": 0.034791100000092,
                                                            "children": {
                                                                "_process_rank_one_or_two_observation": {
                                                                    "total": 0.06544759999989225,
                                                                    "count": 366,
                                                                    "is_parallel": true,
                                                                    "self": 0.06544759999989225
                                                                }
                                                            }
                                                        }
                                                    }
                                                }
                                            }
                                        }
                                    }
                                }
                            }
                        },
                        "trainer_advance": {
                            "total": 0.4977955000000307,
                            "count": 183,
                            "self": 0.004051500000095132,
                            "children": {
                                "process_trajectory": {
                                    "total": 0.49374399999993557,
                                    "count": 183,