{
    "name": "root",
    "gauges": {
        "FindTargetTest1.Policy.Entropy.mean": {
            "value": 1.4199210405349731,
            "min": 1.4199210405349731,
            "max": 1.4199210405349731,
            "count": 1
        },
        "FindTargetTest1.Policy.Entropy.sum": {
            "value": 71359.5546875,
            "min": 71359.5546875,
            "max": 71359.5546875,
            "count": 1
        },
        "FindTargetTest1.Environment.EpisodeLength.mean": {
            "value": 62.64184852374839,
            "min": 62.64184852374839,
            "max": 62.64184852374839,
            "count": 1
        },
        "FindTargetTest1.Environment.EpisodeLength.sum": {
            "value": 48798.0,
            "min": 48798.0,
            "max": 48798.0,
            "count": 1
        },
        "FindTargetTest1.Step.mean": {
            "value": 49961.0,
            "min": 49961.0,
            "max": 49961.0,
            "count": 1
        },
        "FindTargetTest1.Step.sum": {
            "value": 49961.0,
            "min": 49961.0,
            "max": 49961.0,
            "count": 1
        },
        "FindTargetTest1.Policy.ExtrinsicValueEstimate.mean": {
            "value": 1.9402493238449097,
            "min": 1.9402493238449097,
            "max": 1.9402493238449097,
            "count": 1
        },
        "FindTargetTest1.Policy.ExtrinsicValueEstimate.sum": {
            "value": 2419.490966796875,
            "min": 2419.490966796875,
            "max": 2419.490966796875,
            "count": 1
        },
        "FindTargetTest1.Environment.CumulativeReward.mean": {
            "value": -0.834403080872914,
            "min": -0.834403080872914,
            "max": -0.834403080872914,
            "count": 1
        },
        "FindTargetTest1.Environment.CumulativeReward.sum": {
            "value": -650.0,
            "min": -650.0,
            "max": -650.0,
            "count": 1
        },
        "FindTargetTest1.Policy.ExtrinsicReward.mean": {
            "value": -0.834403080872914,
            "min": -0.834403080872914,
            "max": -0.834403080872914,
            "count": 1
        },
        "FindTargetTest1.Policy.ExtrinsicReward.sum": {
            "value": -650.0,
            "min": -650.0,
            "max": -650.0,
            "count": 1
        },
        "FindTargetTest1.Losses.PolicyLoss.mean": {
            "value": 0.021841238737882424,
            "min": 0.021841238737882424,
            "max": 0.021841238737882424,
            "count": 1
        },
        "FindTargetTest1.Losses.PolicyLoss.sum": {
            "value": 0.0873649549515297,
            "min": 0.0873649549515297,
            "max": 0.0873649549515297,
            "count": 1
        },
        "FindTargetTest1.Losses.ValueLoss.mean": {
            "value": 2.757029270132383,
            "min": 2.757029270132383,
            "max": 2.757029270132383,
            "count": 1
        },
        "FindTargetTest1.Losses.ValueLoss.sum": {
            "value": 11.028117080529531,
            "min": 11.028117080529531,
            "max": 11.028117080529531,
            "count": 1
        },
        "FindTargetTest1.Policy.LearningRate.mean": {
            "value": 0.0002845722051426,
            "min": 0.0002845722051426,
            "max": 0.0002845722051426,
            "count": 1
        },
        "FindTargetTest1.Policy.LearningRate.sum": {
            "value": 0.0011382888205704,
            "min": 0.0011382888205704,
            "max": 0.0011382888205704,
            "count": 1
        },
        "FindTargetTest1.Policy.Epsilon.mean": {
            "value": 0.19485740000000001,
            "min": 0.19485740000000001,
            "max": 0.19485740000000001,
            "count": 1
        },
        "FindTargetTest1.Policy.Epsilon.sum": {
            "value": 0.7794296000000001,
            "min": 0.7794296000000001,
            "max": 0.7794296000000001,
            "count": 1
        },
        "FindTargetTest1.Policy.Beta.mean": {
            "value": 0.004743384259999999,
            "min": 0.004743384259999999,
            "max": 0.004743384259999999,
            "count": 1
        },
        "FindTargetTest1.Policy.Beta.sum": {
            "value": 0.018973537039999995,
            "min": 0.018973537039999995,
            "max": 0.018973537039999995,
            "count": 1
        },
        "FindTargetTest1.IsTraining.mean": {
            "value": 1.0,
            "min": 1.0,
            "max": 1.0,
            "count": 1
        },
        "FindTargetTest1.IsTraining.sum": {
            "value": 1.0,
            "min": 1.0,
            "max": 1.0,
            "count": 1
        }
    },
    "metadata": {
        "timer_format_version": "0.1.0",
        "start_time_seconds": "1658116401",
        "python_version": "3.7.9 (tags/v3.7.9:13c94747c7, Aug 17 2020, 16:30:00) [MSC v.1900 64 bit (AMD64)]",
        "command_line_arguments": "C:\\Users\\User\\Documents\\Unity Project\\ml-agents\\Project\\python-envs\\sample-env\\Scripts\\mlagents-learn --run-id=test107",
        "mlagents_version": "0.28.0",
        "mlagents_envs_version": "0.28.0",
        "communication_protocol_version": "1.5.0",
        "pytorch_version": "1.7.1+cu110",
        "numpy_version": "1.21.6",
        "end_time_seconds": "1658116563"
    },
    "total": 161.3044106,
    "count": 1,
    "self": 0.005927100000008068,
    "children": {
        "run_training.setup": {
            "total": 0.1125969,
            "count": 1,
            "self": 0.1125969
        },
        "TrainerController.start_learning": {
            "total": 161.1858866,
            "count": 1,
            "self": 0.22796589999961725,
            "children": {
                "TrainerController._reset_env": {
                    "total": 6.4944021,
                    "count": 1,
                    "self": 6.4944021
                },
                "TrainerController.advance": {
                    "total": 154.3661697000004,
                    "count": 11894,
                    "self": 0.2268223000010039,
                    "children": {
                        "env_step": {
                            "total": 132.23169780000003,
                            "count": 11894,
                            "self": 115.0629847999988,
                            "children": {
                                "SubprocessEnvManager._take_step": {
                                    "total": 17.027862700000068,
                                    "count": 11894,
                                    "self": 0.6293124999997879,
                                    "children": {
                                        "TorchPolicy.evaluate": {
                                            "total": 16.39855020000028,
                                            "count": 10721,
                                            "self": 7.147167300000461,
                                            "children": {
                                                "TorchPolicy.sample_actions": {
                                                    "total": 9.251382899999818,
                                                    "count": 10721,
                                                    "self": 9.251382899999818
                                                }
                                            }
                                        }
                                    }
                                },
                                "workers": {
                                    "total": 0.14085030000116916,
                                    "count": 11893,
                                    "self": 0.0,
                                    "children": {
                                        "worker_root": {
                                            "total": 94.3356390999993,
                                            "count": 11893,