{
    "name": "root",
    "gauges": {
        "Test3.Policy.Entropy.mean": {
            "value": 1.762913703918457,
            "min": 1.762913703918457,
            "max": 1.762913703918457,
            "count": 1
        },
        "Test3.Policy.Entropy.sum": {
            "value": 88230.3046875,
            "min": 88230.3046875,
            "max": 88230.3046875,
            "count": 1
        },
        "Test3.Environment.EpisodeLength.mean": {
            "value": 0.0,
            "min": 0.0,
            "max": 0.0,
            "count": 1
        },
        "Test3.Environment.EpisodeLength.sum": {
            "value": 0.0,
            "min": 0.0,
            "max": 0.0,
            "count": 1
        },
        "Test3.Step.mean": {
            "value": 49999.0,
            "min": 49999.0,
            "max": 49999.0,
            "count": 1
        },
        "Test3.Step.sum": {
            "value": 49999.0,
            "min": 49999.0,
            "max": 49999.0,
            "count": 1
        },
        "Test3.Policy.ExtrinsicValueEstimate.mean": {
            "value": -3.00533390045166,
            "min": -3.00533390045166,
            "max": -3.00533390045166,
            "count": 1
        },
        "Test3.Policy.ExtrinsicValueEstimate.sum": {
            "value": -150263.6875,
            "min": -150263.6875,
            "max": -150263.6875,
            "count": 1
        },
        "Test3.Environment.CumulativeReward.mean": {
            "value": -1.0,
            "min": -1.0,
            "max": -1.0,
            "count": 1
        },
        "Test3.Environment.CumulativeReward.sum": {
            "value": -49999.0,
            "min": -49999.0,
            "max": -49999.0,
            "count": 1
        },
        "Test3.Policy.ExtrinsicReward.mean": {
            "value": -1.0,
            "min": -1.0,
            "max": -1.0,
            "count": 1
        },
        "Test3.Policy.ExtrinsicReward.sum": {
            "value": -49999.0,
            "min": -49999.0,
            "max": -49999.0,
            "count": 1
        },
        "Test3.Losses.PolicyLoss.mean": {
            "value": 0.02412851771029333,
            "min": 0.02412851771029333,
            "max": 0.02412851771029333,
            "count": 1
        },
        "Test3.Losses.PolicyLoss.sum": {
            "value": 0.09651407084117332,
            "min": 0.09651407084117332,
            "max": 0.09651407084117332,
            "count": 1
        },
        "Test3.Losses.ValueLoss.mean": {
            "value": 3.3211525895788023,
            "min": 3.3211525895788023,
            "max": 3.3211525895788023,
            "count": 1
        },
        "Test3.Losses.ValueLoss.sum": {
            "value": 13.28461035831521,
            "min": 13.28461035831521,
            "max": 13.28461035831521,
            "count": 1
        },
        "Test3.Policy.LearningRate.mean": {
            "value": 0.000284544005152,
            "min": 0.000284544005152,
            "max": 0.000284544005152,
            "count": 1
        },
        "Test3.Policy.LearningRate.sum": {
            "value": 0.001138176020608,
            "min": 0.001138176020608,
            "max": 0.001138176020608,
            "count": 1
        },
        "Test3.Policy.Epsilon.mean": {
            "value": 0.19484800000000002,
            "min": 0.19484800000000002,
            "max": 0.19484800000000002,
            "count": 1
        },
        "Test3.Policy.Epsilon.sum": {
            "value": 0.7793920000000001,
            "min": 0.7793920000000001,
            "max": 0.7793920000000001,
            "count": 1
        },
        "Test3.Policy.Beta.mean": {
            "value": 0.0047429151999999995,
            "min": 0.0047429151999999995,
            "max": 0.0047429151999999995,
            "count": 1
        },
        "Test3.Policy.Beta.sum": {
            "value": 0.018971660799999998,
            "min": 0.018971660799999998,
            "max": 0.018971660799999998,
            "count": 1
        },
        "Test3.IsTraining.mean": {
            "value": 1.0,
            "min": 1.0,
            "max": 1.0,
            "count": 1
        },
        "Test3.IsTraining.sum": {
            "value": 1.0,
            "min": 1.0,
            "max": 1.0,
            "count": 1
        }
    },
    "metadata": {
        "timer_format_version": "0.1.0",
        "start_time_seconds": "1660722686",
        "python_version": "3.7.9 (tags/v3.7.9:13c94747c7, Aug 17 2020, 16:30:00) [MSC v.1900 64 bit (AMD64)]",
        "command_line_arguments": "C:\\Users\\User\\Documents\\Unity Project\\ml-agents\\Project\\python-envs\\sample-env\\Scripts\\mlagents-learn --run-id=test29",
        "mlagents_version": "0.28.0",
        "mlagents_envs_version": "0.28.0",
        "communication_protocol_version": "1.5.0",
        "pytorch_version": "1.7.1+cu110",
        "numpy_version": "1.21.6",
        "end_time_seconds": "1660722879"
    },
    "total": 193.2222682,
    "count": 1,
    "self": 0.008073799999976927,
    "children": {
        "run_training.setup": {
            "total": 0.12173070000000008,
            "count": 1,
            "self": 0.12173070000000008
        },
        "TrainerController.start_learning": {
            "total": 193.09246370000002,
            "count": 1,
            "self": 0.036363899999855676,
            "children": {
                "TrainerController._reset_env": {
                    "total": 6.5364273,
                    "count": 1,
                    "self": 6.5364273
                },
                "TrainerController.advance": {
                    "total": 186.38754010000017,
                    "count": 1357,
                    "self": 0.033407499999526635,
                    "children": {
                        "env_step": {
                            "total": 25.798938600000387,
                            "count": 1357,
                            "self": 21.610017400000295,
                            "children": {
                                "SubprocessEnvManager._take_step": {
                                    "total": 4.171276600000156,
                                    "count": 1357,
                                    "self": 0.11544310000014768,
                                    "children": {
                                        "TorchPolicy.evaluate": {
                                            "total": 4.055833500000008,
                                            "count": 1357,
                                            "self": 0.9784930999999126,
                                            "children": {
                                                "TorchPolicy.sample_actions": {
                                                    "total": 3.0773404000000957,
                                                    "count": 1357,
                                                    "self": 3.0773404000000957
                                                }
                                            }
                                        }
                                    }
                                },
                                "workers": {
                                    "total": 0.017644599999936617,
                                    "count": 1357,
                                    "self": 0.0,
                                    "children": {
                                        "worker_root": {
                                            "total": 187.6507481000003,
                                            "count": 1357,
                                            "is_parallel": true,
                                            "self": 172.21742970000037,
                                            "children": {
                                                "steps_from_proto": {
                                                    "total": 0.0007726999999997375,