{
    "name": "root",
    "metadata": {
        "timer_format_version": "0.1.0",
        "start_time_seconds": "1658833961",
        "python_version": "3.7.9 (tags/v3.7.9:13c94747c7, Aug 17 2020, 16:30:00) [MSC v.1900 64 bit (AMD64)]",
        "command_line_arguments": "C:\\Users\\User\\Documents\\Unity Project\\ml-agents\\Project\\python-envs\\sample-env\\Scripts\\mlagents-learn --run-id=506 --time-scale=1",
        "mlagents_version": "0.28.0",
        "mlagents_envs_version": "0.28.0",
        "communication_protocol_version": "1.5.0",
        "pytorch_version": "1.7.1+cu110",
        "numpy_version": "1.21.6",
        "end_time_seconds": "1658834007"
    },
    "total": 45.2935218,
    "count": 1,
    "self": 0.005783000000000982,
    "children": {
        "run_training.setup": {
            "total": 0.11974829999999992,
            "count": 1,
            "self": 0.11974829999999992
        },
        "TrainerController.start_learning": {
            "total": 45.1679905,
            "count": 1,
            "self": 0.026270700000004865,
            "children": {
                "TrainerController._reset_env": {
                    "total": 12.885860899999999,
                    "count": 1,
                    "self": 12.885860899999999
                },
                "TrainerController.advance": {
                    "total": 32.0791487,
                    "count": 1350,
                    "self": 0.025572999999759816,
                    "children": {
                        "env_step": {
                            "total": 29.723225200000105,
                            "count": 1350,
                            "self": 22.663024800000038,
                            "children": {
                                "SubprocessEnvManager._take_step": {
                                    "total": 7.044615499999987,
                                    "count": 1350,
                                    "self": 0.08506610000003256,
                                    "children": {
                                        "TorchPolicy.evaluate": {
                                            "total": 6.959549399999954,
                                            "count": 1676,
                                            "self": 1.9475484999999129,
                                            "children": {
                                                "TorchPolicy.sample_actions": {
                                                    "total": 5.012000900000041,
                                                    "count": 1676,
                                                    "self": 5.012000900000041
                                                }
                                            }
                                        }
                                    }
                                },
                                "workers": {
                                    "total": 0.015584900000082058,
                                    "count": 1349,
                                    "self": 0.0,
                                    "children": {
                                        "worker_root": {
                                            "total": 28.675380100000172,
                                            "count": 1349,
                                            "is_parallel": true,
                                            "self": 13.32701100000015,
                                            "children": {
                                                "steps_from_proto": {
                                                    "total": 0.002223799999999443,
                                                    "count": 2,
                                                    "is_parallel": true,
                                                    "self": 0.0003578999999955812,
                                                    "children": {
                                                        "_process_rank_one_or_two_observation": {
                                                            "total": 0.0018659000000038617,
                                                            "count": 8,
                                                            "is_parallel": true,
                                                            "self": 0.0018659000000038617
                                                        }
                                                    }
                                                },
                                                "UnityEnvironment.step": {
                                                    "total": 15.346145300000023,
                                                    "count": 1349,
                                                    "is_parallel": true,
                                                    "self": 0.30596390000005513,
                                                    "children": {
                                                        "UnityEnvironment._generate_step_input": {
                                                            "total": 0.11109659999995536,
                                                            "count": 1349,
                                                            "is_parallel": true,
                                                            "self": 0.11109659999995536
                                                        },
                                                        "communicator.exchange": {
                                                            "total": 13.764540100000021,
                                                            "count": 1349,
                                                            "is_parallel": true,
                                                            "self": 13.764540100000021
                                                        },
                                                        "steps_from_proto": {
                                                            "total": 1.1645446999999916,
                                                            "count": 2698,
                                                            "is_parallel": true,
                                                            "self": 0.3489763999998434,
                                                            "children": {
                                                                "_process_rank_one_or_two_observation": {
                                                                    "total": 0.8155683000001481,
                                                                    "count": 10792,
                                                                    "is_parallel": true,
                                                                    "self": 0.8155683000001481
                                                                }
                                                            }
                                                        }
                                                    }
                                                }
                                            }
                                        }
                                    }
                                }
                            }
                        },
                        "trainer_advance": {
                            "total": 2.3303505000001365,
                            "count": 1349,
                            "self": 0.0290246000001666,
                            "children": {
                                "process_trajectory": {
                                    "total": 2.30132589999997,
                                    "count": 1349,