{
    "name": "root",
    "gauges": {
        "MyBehavior.Policy.Entropy.mean": {
            "value": 1.4229562282562256,
            "min": 1.4222595691680908,
            "max": 1.4229562282562256,
            "count": 2
        },
        "MyBehavior.Policy.Entropy.sum": {
            "value": 71125.046875,
            "min": 71125.046875,
            "max": 71195.46875,
            "count": 2
        },
        "MyBehavior.Environment.EpisodeLength.mean": {
            "value": 55.986301369863014,
            "min": 55.986301369863014,
            "max": 61.80653266331658,
            "count": 2
        },
        "MyBehavior.Environment.EpisodeLength.sum": {
            "value": 49044.0,
            "min": 49044.0,
            "max": 49198.0,
            "count": 2
        },
        "MyBehavior.Step.mean": {
            "value": 99978.0,
            "min": 49994.0,
            "max": 99978.0,
            "count": 2
        },
        "MyBehavior.Step.sum": {
            "value": 99978.0,
            "min": 49994.0,
            "max": 99978.0,
            "count": 2
        },
        "MyBehavior.Policy.ExtrinsicValueEstimate.mean": {
            "value": 0.045552484691143036,
            "min": 0.01145967561751604,
            "max": 0.045552484691143036,
            "count": 2
        },
        "MyBehavior.Policy.ExtrinsicValueEstimate.sum": {
            "value": 64.775634765625,
            "min": 15.585159301757812,
            "max": 64.775634765625,
            "count": 2
        },
        "MyBehavior.Environment.CumulativeReward.mean": {
            "value": 0.1312785388127854,
            "min": 0.035175879396984924,
            "max": 0.1312785388127854,
            "count": 2
        },
        "MyBehavior.Environment.CumulativeReward.sum": {
            "value": 115.0,
            "min": 28.0,
            "max": 115.0,
            "count": 2
        },
        "MyBehavior.Policy.ExtrinsicReward.mean": {
            "value": 0.1312785388127854,
            "min": 0.035175879396984924,
            "max": 0.1312785388127854,
            "count": 2
        },
        "MyBehavior.Policy.ExtrinsicReward.sum": {
            "value": 115.0,
            "min": 28.0,
            "max": 115.0,
            "count": 2
        },
        "MyBehavior.Losses.PolicyLoss.mean": {
            "value": 0.0247640220222335,
            "min": 0.02170887235333794,
            "max": 0.0247640220222335,
            "count": 2
        },
        "MyBehavior.Losses.PolicyLoss.sum": {
            "value": 0.1238201101111675,
            "min": 0.08683548941335176,
            "max": 0.1238201101111675,
            "count": 2
        },
        "MyBehavior.Losses.ValueLoss.mean": {
            "value": 0.011348872249945999,
            "min": 0.0035456707982424026,
            "max": 0.011348872249945999,
            "count": 2
        },
        "MyBehavior.Losses.ValueLoss.sum": {
            "value": 0.056744361249729994,
            "min": 0.01418268319296961,
            "max": 0.056744361249729994,
            "count": 2
        },
        "MyBehavior.Policy.LearningRate.mean": {
            "value": 0.00025687009437663994,
            "min": 0.00025687009437663994,
            "max": 0.00028458000513999996,
            "count": 2
        },
        "MyBehavior.Policy.LearningRate.sum": {
            "value": 0.0012843504718831997,
            "min": 0.0011383200205599998,
            "max": 0.0012843504718831997,
            "count": 2
        },
        "MyBehavior.Policy.Epsilon.mean": {
            "value": 0.18562336000000004,
            "min": 0.18562336000000004,
            "max": 0.19486000000000003,
            "count": 2
        },
        "MyBehavior.Policy.Epsilon.sum": {
            "value": 0.9281168000000002,
            "min": 0.7794400000000001,
            "max": 0.9281168000000002,
            "count": 2
        },
        "MyBehavior.Policy.Beta.mean": {
            "value": 0.004282605664,
            "min": 0.004282605664,
            "max": 0.004743513999999999,
            "count": 2
        },
        "MyBehavior.Policy.Beta.sum": {
            "value": 0.02141302832,
            "min": 0.018974055999999996,
            "max": 0.02141302832,
            "count": 2
        },
        "MyBehavior.IsTraining.mean": {
            "value": 1.0,
            "min": 1.0,
            "max": 1.0,
            "count": 2
        },
        "MyBehavior.IsTraining.sum": {
            "value": 1.0,
            "min": 1.0,
            "max": 1.0,
            "count": 2
        }
    },
    "metadata": {
        "timer_format_version": "0.1.0",
        "start_time_seconds": "1659011574",
        "python_version": "3.7.9 (tags/v3.7.9:13c94747c7, Aug 17 2020, 16:30:00) [MSC v.1900 64 bit (AMD64)]",
        "command_line_arguments": "E:\\ml-agents\\Project\\venv\\Scripts\\mlagents-learn --run-id=003",
        "mlagents_version": "0.28.0",
        "mlagents_envs_version": "0.28.0",
        "communication_protocol_version": "1.5.0",
        "pytorch_version": "1.7.1+cu110",
        "numpy_version": "1.21.6",
        "end_time_seconds": "1659013498"
    },
    "total": 1924.0607768999998,
    "count": 1,
    "self": 0.01165179999998145,
    "children": {
        "run_training.setup": {
            "total": 0.31561609999999996,
            "count": 1,
            "self": 0.31561609999999996
        },
        "TrainerController.start_learning": {
            "total": 1923.733509,
            "count": 1,
            "self": 3.2213773000128185,
            "children": {
                "TrainerController._reset_env": {
                    "total": 15.7588619,
                    "count": 1,
                    "self": 15.7588619
                },
                "TrainerController.advance": {
                    "total": 1638.253925099987,
                    "count": 112324,
                    "self": 3.3308827000134897,
                    "children": {
                        "env_step": {
                            "total": 1577.491104599979,
                            "count": 112324,
                            "self": 1260.0639716999804,
                            "children": {
                                "SubprocessEnvManager._take_step": {
                                    "total": 315.4613634999857,
                                    "count": 112324,
                                    "self": 9.98464670002096,
                                    "children": {
                                        "TorchPolicy.evaluate": {
                                            "total": 305.4767167999647,
                                            "count": 110791,
                                            "self": 158.83908109995355,
                                            "children": {
                                                "TorchPolicy.sample_actions": {
                                                    "total": 146.63763570001117,
                                                    "count": 110791,
                                                    "self": 146.63763570001117
                                                }
                                            }
                                        }
                                    }
                                },
                                "workers": {
                                    "total": 1.9657694000130483,
                                    "count": 112323,
                                    "self": 0.0,
                                    "children": {
                                        "worker_root": {
                                            "total": 1580.525379599989,
                                            "count": 112323,
                                            "is_parallel": true,
                                            "self": 526.2887681999555,